Sample	Count
BR01A01	1873518
BR01A02	691464
BR01A03	622430
BR01A04	3443528
BR01A05	1142243
BR01A06	1925182
BR01A07	549827
BR01A08	308666
BR01A09	1224025
BR01A10	1748441
BR01A11	614934
BR01A12	2201704
BR01B01	2104858
BR01B02	261199
BR01B03	2404932
BR01B04	1399236
BR01B05	1786710
BR01B06	3214
BR01B07	3330097
BR01B08	609874
BR01B09	1657391
BR01B10	1076775
BR01B11	427295
BR01B12	1037672
BR01C01	91415
BR01C02	467639
BR01C03	1079770
BR01C04	1731846
BR01C05	657156
BR01C06	3042116
BR01C07	571669
BR01C08	1186304
BR01C09	1601494
BR01C10	562
BR01C11	489603
BR01C12	312068
BR01D01	672766
BR01D02	272
BR01D03	271
BR01D04	1657738
BR01D05	619237
BR01D06	867717
BR01D07	5269483
BR01D08	1405578
BR01D09	2013726
BR01D10	428277
BR01D11	552697
BR01D12	595
BR01E01	1080998
BR01E02	786625
BR01E03	1585408
BR01E04	651799
BR01E05	664474
BR01E06	1966845
BR01E07	1068880
BR01E08	425436
BR01E09	554219
BR01E10	407433
BR01E11	2032391
BR01E12	643125
BR01F01	2917935
BR01F02	622845
BR01F03	588768
BR01F04	532263
BR01F05	418179
BR01F06	615368
BR01F07	738271
BR01F08	592817
BR01F09	982333
BR01F10	756145
BR01F11	432367
BR01F12	997227
BR01G01	3474530
BR01G02	495971
BR01G03	403806
BR01G04	563374
BR01G05	600409
BR01G06	530517
BR01G07	361002
BR01G08	1829113
BR01G09	1352010
BR01G10	2623749
BR01G11	543468
BR01G12	1031415
BR01H01	44
BR01H02	725742
BR01H03	433111
BR01H04	1958361
BR01H05	526487
BR01H06	497204
BR01H07	1049917
BR01H08	3513292
BR01H09	2983088
BR01H10	2163831
BR01H11	341322
BR01H12	291925
BR02A01	5280550
BR02A02	1443217
BR02A03	1575281
BR02A04	1556227
BR02A05	1831877
BR02A06	1537427
BR02A07	1508288
BR02A08	2154055
BR02A09	1214684
BR02A10	1249879
BR02A11	1365989
BR02A12	1387574
BR02B01	973824
BR02B02	1416281
BR02B03	1265746
BR02B04	1446872
BR02B05	1633389
BR02B06	1269861
BR02B07	794778
BR02B08	1705003
BR02B09	1699564
BR02B10	1588136
BR02B11	1740177
BR02B12	1346506
BR02C01	1133674
BR02C02	833636
BR02C03	1392357
BR02C04	1417124
BR02C05	1492612
BR02C06	1521226
BR02C07	984866
BR02C08	1657788
BR02C09	1445392
BR02C10	9654174
BR02C11	1587220
BR02C12	2598694
BR02D01	1606794
BR02D02	1735943
BR02D03	1362116
BR02D04	745396
BR02D05	1614071
BR02D06	1736406
BR02D07	1396260
BR02D08	1947633
BR02D09	1779975
BR02D10	1385929
BR02D11	2552943
BR02D12	1516009
BR02E01	3628474
BR02E02	3120941
BR02E03	1492992
BR02E04	1589525
BR02E05	1676780
BR02E06	1336110
BR02E07	1468033
BR02E08	1545924
BR02E09	1591842
BR02E10	1510879
BR02E11	2010785
BR02E12	1695056
BR02F01	1477539
BR02F02	1129629
BR02F03	958706
BR02F04	1560145
BR02F05	1834435
BR02F06	1834756
BR02F07	996453
BR02F08	1109603
BR02F09	4667847
BR02F10	1002108
BR02F11	797551
BR02F12	1654121
BR02G01	3175207
BR02G02	2025763
BR02G03	1778503
BR02G04	1559697
BR02G05	936182
BR02G06	1959198
BR02G07	1314143
BR02G08	1442896
BR02G09	9446634
BR02G10	1757446
BR02G11	1512649
BR02G12	1895965
BR02H01	42
BR02H02	1762101
BR02H03	1643341
BR02H04	1140332
BR02H05	2746891
BR02H06	1455238
BR02H07	621397
BR02H08	1031243
BR02H09	1078562
BR02H10	1168648
BR02H11	914217
BR02H12	300
BR03A01	2541228
BR03A02	6748717
BR03A03	1187126
BR03A04	994415
BR03A05	1525597
BR03A06	1787469
BR03A07	851443
BR03A08	2009370
BR03A09	1364291
BR03A10	1288418
BR03A11	1653747
BR03A12	1601705
BR03B01	1050301
BR03B02	1128301
BR03B03	1190624
BR03B04	909406
BR03B05	1368728
BR03B06	1400536
BR03B07	1365860
BR03B08	2897930
BR03B09	1182242
BR03B10	1194884
BR03B11	1785757
BR03B12	1465829
BR03C01	1476711
BR03C02	1692358
BR03C03	1713812
BR03C04	1086451
BR03C05	1409015
BR03C06	1593291
BR03C07	1957941
BR03C08	2418706
BR03C09	1644000
BR03C10	1093422
BR03C11	1255611
BR03C12	1590062
BR03D01	1503196
BR03D02	1718554
BR03D03	2535743
BR03D04	1309380
BR03D05	1622584
BR03D06	1263616
BR03D07	1015216
BR03D08	5429999
BR03D09	3479183
BR03D10	1599291
BR03D11	1458247
BR03D12	1112810
BR03E01	1301071
BR03E02	1427664
BR03E03	6543767
BR03E04	1376899
BR03E05	1519302
BR03E06	1071320
BR03E07	786794
BR03E08	7541336
BR03E09	1263505
BR03E10	971630
BR03E11	1494949
BR03E12	1017570
BR03F01	955157
BR03F02	1055008
BR03F03	1161525
BR03F04	1200262
BR03F05	1600586
BR03F06	1322336
BR03F07	1145923
BR03F08	1272843
BR03F09	1410562
BR03F10	825651
BR03F11	838113
BR03F12	1041524
BR03G01	2560118
BR03G02	1018601
BR03G03	1003803
BR03G04	753324
BR03G05	916613
BR03G06	1111672
BR03G07	871568
BR03G08	1160799
BR03G09	825022
BR03G10	704624
BR03G11	921784
BR03G12	1059663
BR03H01	27
BR03H02	1155816
BR03H03	1351415
BR03H04	1198048
BR03H05	985814
BR03H06	1279011
BR03H07	1374384
BR03H08	1437694
BR03H09	4284947
BR03H10	1026996
BR03H11	891368
BR03H12	104
BR04A01	1594489
BR04A02	1485317
BR04A03	815764
BR04A04	1425914
BR04A05	1872474
BR04A06	2102768
BR04A07	2186756
BR04A08	989760
BR04A09	2703137
BR04A10	3077225
BR04A11	3570924
BR04A12	1187454
BR04B01	1373406
BR04B02	1097112
BR04B03	3434919
BR04B04	1405055
BR04B05	2247921
BR04B06	2540527
BR04B07	2290022
BR04B08	2784437
BR04B09	3057884
BR04B10	2800614
BR04B11	3196340
BR04B12	3837605
BR04C01	1276662
BR04C02	1715539
BR04C03	2301312
BR04C04	2668002
BR04C05	2288813
BR04C06	4361765
BR04C07	1872700
BR04C08	2870553
BR04C09	3571513
BR04C10	3079099
BR04C11	2699981
BR04C12	2570560
BR04D01	3020571
BR04D02	2380877
BR04D03	2212957
BR04D04	3356405
BR04D05	3592717
BR04D06	3372971
BR04D07	3020255
BR04D08	2600041
BR04D09	2808760
BR04D10	2995333
BR04D11	2373824
BR04D12	2471650
BR04E01	3111351
BR04E02	2587946
BR04E03	1906300
BR04E04	4534848
BR04E05	2975918
BR04E06	2029434
BR04E07	3015170
BR04E08	2482813
BR04E09	2771049
BR04E10	2360192
BR04E11	2790904
BR04E12	2058028
BR04F01	2508627
BR04F02	1453593
BR04F03	1414175
BR04F04	1727987
BR04F05	2435552
BR04F06	2135187
BR04F07	13882404
BR04F08	2672901
BR04F09	1867530
BR04F10	2354394
BR04F11	2782044
BR04F12	2374964
BR04G01	2794681
BR04G02	2960164
BR04G03	4152751
BR04G04	1978991
BR04G05	1811561
BR04G06	1999928
BR04G07	1927966
BR04G08	2582110
BR04G09	2697198
BR04G10	2253182
BR04G11	2343147
BR04G12	2604331
BR04H01	1
BR04H02	355
BR04H03	1996342
BR04H04	1754565
BR04H05	2232505
BR04H06	1625671
BR04H07	1554891
BR04H08	1594512
BR04H09	1451023
BR04H10	1340343
BR04H11	1041189
BR04H12	1187
BR05A01	504266
BR05A02	189166
BR05A03	607374
BR05A04	525214
BR05A05	606534
BR05A06	620671
BR05A07	765
BR05A08	592
BR05A09	451400
BR05A10	1417
BR05A11	463184
BR05A12	4092
BR05B01	518430
BR05B02	577993
BR05B03	698312
BR05B04	622328
BR05B05	680725
BR05B06	561422
BR05B07	469752
BR05B08	521938
BR05B09	661
BR05B10	356909
BR05B11	400091
BR05B12	2083
BR05C01	404883
BR05C02	591215
BR05C03	15212
BR05C04	566214
BR05C05	451688
BR05C06	548018
BR05C07	226105
BR05C08	409794
BR05C09	651501
BR05C10	210585
BR05C11	313460
BR05C12	57
BR05D01	706325
BR05D02	554440
BR05D03	652794
BR05D04	508067
BR05D05	557671
BR05D06	806605
BR05D07	823372
BR05D08	639289
BR05D09	623724
BR05D10	372604
BR05D11	334453
BR05D12	593
BR05E01	595615
BR05E02	334695
BR05E03	582984
BR05E04	545941
BR05E05	593545
BR05E06	551707
BR05E07	577588
BR05E08	448261
BR05E09	537488
BR05E10	207273
BR05E11	317
BR05E12	275221
BR05F01	134
BR05F02	518990
BR05F03	593942
BR05F04	401
BR05F05	1554385
BR05F06	475
BR05F07	815
BR05F08	548
BR05F09	59
BR05F10	106
BR05F11	87
BR05F12	430
BR05G01	25
BR05G02	12
BR05G03	17
BR05G04	167
BR05G05	426986
BR05G06	114061
BR05G07	541800
BR05G08	13
BR05G09	12
BR05G10	10
BR05G11	57
BR05G12	8
BR05H01	0
BR05H02	39
BR05H03	74
BR05H04	51
BR05H05	120
BR05H06	93
BR05H07	75
BR05H08	158
BR05H09	43
BR05H10	104
BR05H11	68
BR05H12	89
BR05A01	382769
BR05A02	426052
BR05A03	316598
BR05A04	300970
BR05A05	434905
BR05A06	410067
BR05A07	890
BR05A08	102
BR05A09	547397
BR05A10	205
BR05A11	378196
BR05A12	2420
BR05B01	440577
BR05B02	396440
BR05B03	348843
BR05B04	390289
BR05B05	330347
BR05B06	441824
BR05B07	359317
BR05B08	385302
BR05B09	678
BR05B10	357375
BR05B11	406205
BR05B12	1032
BR05C01	440337
BR05C02	416283
BR05C03	72192
BR05C04	527837
BR05C05	355978
BR05C06	489488
BR05C07	259420
BR05C08	351074
BR05C09	387813
BR05C10	277324
BR05C11	313020
BR05C12	1496
BR05D01	380081
BR05D02	431760
BR05D03	381591
BR05D04	250658
BR05D05	313066
BR05D06	401209
BR05D07	326138
BR05D08	352908
BR05D09	268899
BR05D10	281899
BR05D11	399428
BR05D12	476
BR05E01	362351
BR05E02	394275
BR05E03	456882
BR05E04	388834
BR05E05	350969
BR05E06	376305
BR05E07	508950
BR05E08	401268
BR05E09	446806
BR05E10	314324
BR05E11	3082
BR05E12	206128
BR05F01	592716
BR05F02	196386
BR05F03	304596
BR05F04	123
BR05F05	324605
BR05F06	441942
BR05F07	95
BR05F08	132
BR05F09	9
BR05F10	34
BR05F11	31
BR05F12	116
BR05G01	113
BR05G02	40
BR05G03	88
BR05G04	335
BR05G05	381324
BR05G06	381159
BR05G07	597269
BR05G08	59
BR05G09	58
BR05G10	136
BR05G11	199
BR05G12	135
BR05H01	0
BR05H02	11
BR05H03	13
BR05H04	123
BR05H05	12
BR05H06	124
BR05H07	10
BR05H08	5
BR05H09	2
BR05H10	36
BR05H11	10
BR05H12	10
BR06A01	773209
BR06A02	2731485
BR06A03	1795082
BR06A04	4520
BR06A05	1241019
BR06A06	1159846
BR06A07	1745065
BR06A08	1349700
BR06A09	2166467
BR06A10	6931
BR06A11	2789735
BR06A12	1371848
BR06B01	1815563
BR06B02	1520572
BR06B03	1035515
BR06B04	3195134
BR06B05	717541
BR06B06	1569943
BR06B07	1397733
BR06B08	3741160
BR06B09	1523051
BR06B10	335
BR06B11	2382039
BR06B12	1159401
BR06C01	1993536
BR06C02	666
BR06C03	1125812
BR06C04	1167789
BR06C05	1019622
BR06C06	1902121
BR06C07	1975243
BR06C08	2733030
BR06C09	1383877
BR06C10	1379070
BR06C11	1490948
BR06C12	1298791
BR06D01	3517186
BR06D02	1725636
BR06D03	2707844
BR06D04	3479117
BR06D05	1440551
BR06D06	1614363
BR06D07	1721505
BR06D08	1898108
BR06D09	1611439
BR06D10	1451718
BR06D11	1590424
BR06D12	2738575
BR06E01	2448538
BR06E02	1281073
BR06E03	1145594
BR06E04	1694068
BR06E05	3049910
BR06E06	1699964
BR06E07	2561739
BR06E08	1367110
BR06E09	1217965
BR06E10	2450725
BR06E11	1400605
BR06E12	1262385
BR06F01	2353172
BR06F02	1744274
BR06F03	1386593
BR06F04	2263070
BR06F05	1502250
BR06F06	1261217
BR06F07	1509446
BR06F08	952814
BR06F09	1557138
BR06F10	1594947
BR06F11	980503
BR06F12	1153022
BR06G01	4678616
BR06G02	1708673
BR06G03	2220538
BR06G04	2512540
BR06G05	1444333
BR06G06	2929824
BR06G07	1639579
BR06G08	1160958
BR06G09	1739973
BR06G10	1667342
BR06G11	1040521
BR06G12	2459458
BR06H01	133
BR06H02	1608484
BR06H03	3189323
BR06H04	1733749
BR06H05	2062174
BR06H06	2878494
BR06H07	1532654
BR06H08	1482041
BR06H09	2578661
BR06H10	1624596
BR06H11	1952056
BR06H12	1451500
BR09A01	636769
BR09A02	564239
BR09A03	364298
BR09A04	343342
BR09A05	466969
BR09A06	358877
BR09A07	361919
BR09A08	321517
BR09A09	569789
BR09A10	574412
BR09A11	567473
BR09A12	1884465
BR09B01	302041
BR09B02	339316
BR09B03	259850
BR09B04	310038
BR09B05	296480
BR09B06	312687
BR09B07	268944
BR09B08	267762
BR09B09	266951
BR09B10	255248
BR09B11	257405
BR09B12	334433
BR09C01	298322
BR09C02	272090
BR09C03	299770
BR09C04	233958
BR09C05	208227
BR09C06	249154
BR09C07	270380
BR09C08	234024
BR09C09	201105
BR09C10	221559
BR09C11	197662
BR09C12	149053
BR09D01	247960
BR09D02	275259
BR09D03	253422
BR09D04	238932
BR09D05	250296
BR09D06	251384
BR09D07	234231
BR09D08	220970
BR09D09	241392
BR09D10	264859
BR09D11	233787
BR09D12	231977
BR09E01	255720
BR09E02	267700
BR09E03	244935
BR09E04	219566
BR09E05	216428
BR09E06	219112
BR09E07	239207
BR09E08	228555
BR09E09	241815
BR09E10	282167
BR09E11	251286
BR09E12	332523
BR09F01	220537
BR09F02	224094
BR09F03	161942
BR09F04	196446
BR09F05	155026
BR09F06	138078
BR09F07	258093
BR09F08	241023
BR09F09	160168
BR09F10	192131
BR09F11	176956
BR09F12	255356
BR09G01	561444
BR09G02	298709
BR09G03	361856
BR09G04	287407
BR09G05	305193
BR09G06	291224
BR09G07	268547
BR09G08	202981
BR09G09	377247
BR09G10	309983
BR09G11	380998
BR09G12	294481
BR09H01	15
BR09H02	182
BR09H03	50917
BR09H04	377447
BR09H05	371187
BR09H06	491782
BR09H07	312859
BR09H08	329503
BR09H09	638286
BR09H10	489556
BR09H11	612565
BR09H12	219596
BR10A01	273283
BR10A02	359006
BR10A03	419218
BR10A04	366969
BR10A05	328368
BR10A06	286737
BR10A07	405372
BR10A08	474043
BR10A09	330033
BR10A10	394002
BR10A11	355498
BR10A12	343864
BR10B01	378267
BR10B02	377849
BR10B03	320887
BR10B04	363689
BR10B05	564917
BR10B06	369243
BR10B07	682704
BR10B08	48
BR10B09	230474
BR10B10	312438
BR10B11	337002
BR10B12	350160
BR10C01	477738
BR10C02	387916
BR10C03	456467
BR10C04	332475
BR10C05	352601
BR10C06	458199
BR10C07	393414
BR10C08	505518
BR10C09	432921
BR10C10	584560
BR10C11	381172
BR10C12	371602
BR10D01	367631
BR10D02	485633
BR10D03	405786
BR10D04	319006
BR10D05	398559
BR10D06	379477
BR10D07	519331
BR10D08	370502
BR10D09	351223
BR10D10	380827
BR10D11	326022
BR10D12	296402
BR10E01	402053
BR10E02	355679
BR10E03	324471
BR10E04	348079
BR10E05	290297
BR10E06	3552
BR10E07	327730
BR10E08	311036
BR10E09	274707
BR10E10	297496
BR10E11	320385
BR10E12	329191
BR10F01	265212
BR10F02	239571
BR10F03	229835
BR10F04	295468
BR10F05	249743
BR10F06	254960
BR10F07	229674
BR10F08	272755
BR10F09	262089
BR10F10	263999
BR10F11	231973
BR10F12	206183
BR10G01	756137
BR10G02	321887
BR10G03	269860
BR10G04	276049
BR10G05	291340
BR10G06	293161
BR10G07	309158
BR10G08	286941
BR10G09	2120
BR10G10	287638
BR10G11	261196
BR10G12	256929
BR10H01	39
BR10H02	439169
BR10H03	422322
BR10H04	565434
BR10H05	509930
BR10H06	429934
BR10H07	378789
BR10H08	447479
BR10H09	458451
BR10H10	338282
BR10H11	337630
BR10H12	715801
BR11A01	484290
BR11A02	532614
BR11A03	606418
BR11A04	557268
BR11A05	651582
BR11A06	637174
BR11A07	360453
BR11A08	396193
BR11A09	1026625
BR11A10	835967
BR11A11	1109399
BR11A12	294702
BR11B01	580683
BR11B02	549191
BR11B03	568560
BR11B04	637489
BR11B05	666148
BR11B06	841198
BR11B07	782135
BR11B08	1186866
BR11B09	1293730
BR11B10	1161295
BR11B11	1203282
BR11B12	783848
BR11C01	500972
BR11C02	672572
BR11C03	504894
BR11C04	474122
BR11C05	578159
BR11C06	630595
BR11C07	625642
BR11C08	1115720
BR11C09	766401
BR11C10	1052346
BR11C11	1073871
BR11C12	349940
BR11D01	469804
BR11D02	363664
BR11D03	571347
BR11D04	399561
BR11D05	158841
BR11D06	668026
BR11D07	292827
BR11D08	909001
BR11D09	905807
BR11D10	540319
BR11D11	808798
BR11D12	746656
BR11E01	384625
BR11E02	373068
BR11E03	242283
BR11E04	439394
BR11E05	535833
BR11E06	192240
BR11E07	686976
BR11E08	222171
BR11E09	815576
BR11E10	203110
BR11E11	1067667
BR11E12	412207
BR11F01	467094
BR11F02	503150
BR11F03	537656
BR11F04	705238
BR11F05	735325
BR11F06	172010
BR11F07	232418
BR11F08	828644
BR11F09	195797
BR11F10	619334
BR11F11	995125
BR11F12	796014
BR11G01	731454
BR11G02	387848
BR11G03	360836
BR11G04	311745
BR11G05	711027
BR11G06	733001
BR11G07	743365
BR11G08	197998
BR11G09	775259
BR11G10	715517
BR11G11	834553
BR11G12	234552
BR11H01	30
BR11H02	437082
BR11H03	462097
BR11H04	538053
BR11H05	636687
BR11H06	697704
BR11H07	734777
BR11H08	933156
BR11H09	890436
BR11H10	994141
BR11H11	752046
BR11H12	26
BR12A01	510401
BR12A02	628888
BR12A03	578783
BR12A04	502943
BR12A05	570191
BR12A06	478751
BR12A07	672958
BR12A08	741139
BR12A09	675593
BR12A10	575943
BR12A11	671568
BR12A12	759599
BR12B01	757301
BR12B02	841584
BR12B03	864035
BR12B04	645969
BR12B05	624845
BR12B06	560670
BR12B07	534308
BR12B08	682063
BR12B09	493384
BR12B10	759836
BR12B11	944783
BR12B12	675156
BR12C01	779049
BR12C02	651958
BR12C03	667098
BR12C04	705567
BR12C05	694856
BR12C06	704000
BR12C07	803194
BR12C08	766351
BR12C09	582132
BR12C10	770408
BR12C11	621934
BR12C12	606224
BR12D01	566564
BR12D02	562899
BR12D03	38193
BR12D04	625185
BR12D05	586264
BR12D06	463817
BR12D07	478013
BR12D08	533423
BR12D09	538231
BR12D10	516076
BR12D11	708063
BR12D12	447381
BR12E01	1018823
BR12E02	453854
BR12E03	554658
BR12E04	556116
BR12E05	582907
BR12E06	654983
BR12E07	587539
BR12E08	483550
BR12E09	594713
BR12E10	329550
BR12E11	504359
BR12E12	489402
BR12F01	971827
BR12F02	638224
BR12F03	567641
BR12F04	606388
BR12F05	439273
BR12F06	421539
BR12F07	513970
BR12F08	566700
BR12F09	1103346
BR12F10	499455
BR12F11	647724
BR12F12	540346
BR12G01	951835
BR12G02	1086118
BR12G03	682132
BR12G04	582802
BR12G05	402782
BR12G06	558329
BR12G07	393599
BR12G08	562677
BR12G09	505838
BR12G10	476912
BR12G11	390373
BR12G12	500871
BR12H01	117
BR12H02	595713
BR12H03	386264
BR12H04	440956
BR12H05	864007
BR12H06	396435
BR12H07	399815
BR12H08	264766
BR12H09	361311
BR12H10	234699
BR12H11	160731
BR12H12	364
BR13A01	157942
BR13A02	157223
BR13A03	269059
BR13A04	277930
BR13A05	253845
BR13A06	196768
BR13A07	335720
BR13A08	212694
BR13A09	293541
BR13A10	111823
BR13A11	613882
BR13A12	92336
BR13B01	324315
BR13B02	157267
BR13B03	437879
BR13B04	383871
BR13B05	396991
BR13B06	482557
BR13B07	422438
BR13B08	169461
BR13B09	255705
BR13B10	45549
BR13B11	218963
BR13B12	257134
BR13C01	179573
BR13C02	130747
BR13C03	213608
BR13C04	205495
BR13C05	278876
BR13C06	148481
BR13C07	275697
BR13C08	319957
BR13C09	182984
BR13C10	168342
BR13C11	116233
BR13C12	81441
BR13D01	93214
BR13D02	27531
BR13D03	87006
BR13D04	33799
BR13D05	87174
BR13D06	91147
BR13D07	191499
BR13D08	95048
BR13D09	175945
BR13D10	30983
BR13D11	46544
BR13D12	50991
BR13E01	76807
BR13E02	267233
BR13E03	78529
BR13E04	210341
BR13E05	400840
BR13E06	313451
BR13E07	298455
BR13E08	234477
BR13E09	161812
BR13E10	173674
BR13E11	220388
BR13E12	15496
BR13F01	137363
BR13F02	254677
BR13F03	288770
BR13F04	266195
BR13F05	327222
BR13F06	312934
BR13F07	432365
BR13F08	278233
BR13F09	234948
BR13F10	213073
BR13F11	425351
BR13F12	65400
BR13G01	387074
BR13G02	186538
BR13G03	215636
BR13G04	285645
BR13G05	260430
BR13G06	329476
BR13G07	314122
BR13G08	286728
BR13G09	240025
BR13G10	206731
BR13G11	233372
BR13G12	117673
BR13H01	5
BR13H02	243647
BR13H03	353297
BR13H04	149179
BR13H05	1019972
BR13H06	254455
BR13H07	292466
BR13H08	269971
BR13H09	234019
BR13H10	219672
BR13H11	408899
BR13H12	67
BR14A01	132472
BR14A02	124382
BR14A03	209815
BR14A04	176685
BR14A05	131798
BR14A06	244290
BR14A07	210130
BR14A08	261914
BR14A09	220058
BR14A10	358244
BR14A11	191302
BR14A12	68078
BR14B01	115414
BR14B02	136839
BR14B03	126534
BR14B04	134000
BR14B05	303071
BR14B06	255116
BR14B07	137222
BR14B08	143080
BR14B09	158286
BR14B10	177127
BR14B11	5539
BR14B12	27549
BR14C01	153868
BR14C02	180179
BR14C03	183377
BR14C04	180059
BR14C05	167306
BR14C06	296642
BR14C07	151717
BR14C08	195364
BR14C09	10666
BR14C10	81824
BR14C11	1928
BR14C12	7829
BR14D01	172447
BR14D02	125993
BR14D03	154305
BR14D04	124458
BR14D05	132538
BR14D06	136293
BR14D07	153265
BR14D08	122786
BR14D09	128749
BR14D10	48462
BR14D11	13350
BR14D12	73663
BR14E01	73676
BR14E02	76953
BR14E03	109750
BR14E04	258978
BR14E05	22373
BR14E06	105298
BR14E07	180475
BR14E08	48268
BR14E09	5648
BR14E10	3678
BR14E11	3641
BR14E12	68403
BR14F01	91576
BR14F02	127944
BR14F03	232296
BR14F04	153786
BR14F05	151068
BR14F06	138641
BR14F07	186812
BR14F08	91383
BR14F09	66591
BR14F10	15855
BR14F11	83269
BR14F12	112801
BR14G01	130838
BR14G02	152785
BR14G03	271230
BR14G04	138139
BR14G05	126592
BR14G06	133988
BR14G07	163777
BR14G08	153223
BR14G09	211333
BR14G10	132968
BR14G11	150213
BR14G12	151295
BR14H01	48
BR14H02	196343
BR14H03	225078
BR14H04	139138
BR14H05	77116
BR14H06	193952
BR14H07	75306
BR14H08	78566
BR14H09	92789
BR14H10	186317
BR14H11	102661
BR14H12	119
BR15A01	548606
BR15A02	495357
BR15A03	1091134
BR15A04	1059511
BR15A05	947282
BR15A06	594330
BR15A07	1126516
BR15A08	851933
BR15A09	1137257
BR15A10	1130679
BR15A11	1614
BR15A12	272961
BR15B01	762881
BR15B02	1270267
BR15B03	1909538
BR15B04	1478504
BR15B05	1470436
BR15B06	1353021
BR15B07	1263799
BR15B08	834465
BR15B09	1162585
BR15B10	1656674
BR15B11	1671202
BR15B12	1842472
BR15C01	951232
BR15C02	609786
BR15C03	1176514
BR15C04	741828
BR15C05	1048683
BR15C06	634964
BR15C07	537785
BR15C08	816871
BR15C09	673987
BR15C10	214830
BR15C11	1007953
BR15C12	548206
BR15D01	1575991
BR15D02	872096
BR15D03	1843597
BR15D04	660089
BR15D05	1020054
BR15D06	1107059
BR15D07	1755021
BR15D08	1241366
BR15D09	1106066
BR15D10	1153707
BR15D11	858
BR15D12	937520
BR15E01	898900
BR15E02	1010902
BR15E03	1419097
BR15E04	986362
BR15E05	1545080
BR15E06	1335933
BR15E07	1131043
BR15E08	869090
BR15E09	1072559
BR15E10	494666
BR15E11	225
BR15E12	792101
BR15F01	656149
BR15F02	536555
BR15F03	725744
BR15F04	544274
BR15F05	605202
BR15F06	445627
BR15F07	12129
BR15F08	599584
BR15F09	733904
BR15F10	554613
BR15F11	1771
BR15F12	429664
BR15G01	1630975
BR15G02	1067384
BR15G03	809649
BR15G04	1014820
BR15G05	1437150
BR15G06	265194
BR15G07	1437114
BR15G08	1272980
BR15G09	1305260
BR15G10	1221097
BR15G11	1376455
BR15G12	1212234
BR15H01	103
BR15H02	1202716
BR15H03	1391323
BR15H04	954192
BR15H05	14080
BR15H06	976620
BR15H07	1093718
BR15H08	1299460
BR15H09	1291035
BR15H10	1503812
BR15H11	1198206
BR15H12	70
BR18A01	216876
BR18A02	260496
BR18A03	536118
BR18A04	484680
BR18A05	90586
BR18A06	302817
BR18A07	408461
BR18A08	424336
BR18A09	312024
BR18A10	367647
BR18A11	423684
BR18A12	672766
BR18B01	704089
BR18B02	512303
BR18B03	705687
BR18B04	303972
BR18B05	339748
BR18B06	648825
BR18B07	351785
BR18B08	298924
BR18B09	326955
BR18B10	469026
BR18B11	476907
BR18B12	1041623
BR18C01	594553
BR18C02	756057
BR18C03	687389
BR18C04	587791
BR18C05	679859
BR18C06	676713
BR18C07	488450
BR18C08	609955
BR18C09	392274
BR18C10	520542
BR18C11	414028
BR18C12	72595
BR18D01	948318
BR18D02	505053
BR18D03	476670
BR18D04	579967
BR18D05	510915
BR18D06	443051
BR18D07	578279
BR18D08	488552
BR18D09	480945
BR18D10	443718
BR18D11	477146
BR18D12	1510921
BR18E01	570695
BR18E02	519519
BR18E03	685580
BR18E04	202468
BR18E05	1074209
BR18E06	1038293
BR18E07	582285
BR18E08	732545
BR18E09	449017
BR18E10	1794121
BR18E11	787609
BR18E12	1404204
BR18F01	690526
BR18F02	406936
BR18F03	802839
BR18F04	183946
BR18F05	714816
BR18F06	689073
BR18F07	485568
BR18F08	578631
BR18F09	601328
BR18F10	496566
BR18F11	526181
BR18F12	941005
BR18G01	804978
BR18G02	580994
BR18G03	756952
BR18G04	668380
BR18G05	952305
BR18G06	694375
BR18G07	712207
BR18G08	617197
BR18G09	667817
BR18G10	803381
BR18G11	587304
BR18G12	435664
BR18H01	46
BR18H02	385032
BR18H03	573539
BR18H04	275155
BR18H05	523603
BR18H06	633186
BR18H07	634207
BR18H08	289447
BR18H09	775981
BR18H10	782627
BR18H11	733991
BR18H12	389
BR19A01	6213
BR19A02	360369
BR19A03	784248
BR19A04	1357391
BR19A05	1504326
BR19A06	942735
BR19A07	1114512
BR19A08	1171781
BR19A09	1045115
BR19A10	699942
BR19A11	938502
BR19A12	355320
BR19B01	128104
BR19B02	268926
BR19B03	1335925
BR19B04	1459890
BR19B05	1864647
BR19B06	1238868
BR19B07	1652192
BR19B08	1870465
BR19B09	1395157
BR19B10	1556937
BR19B11	1352661
BR19B12	1048203
BR19C01	155615
BR19C02	769769
BR19C03	625642
BR19C04	1214998
BR19C05	1155580
BR19C06	986162
BR19C07	2084331
BR19C08	1044783
BR19C09	1626402
BR19C10	1095731
BR19C11	1168076
BR19C12	132409
BR19D01	99247
BR19D02	463752
BR19D03	646737
BR19D04	1101356
BR19D05	1201307
BR19D06	1416613
BR19D07	1336333
BR19D08	1436810
BR19D09	1217377
BR19D10	870858
BR19D11	988076
BR19D12	715222
BR19E01	325277
BR19E02	534288
BR19E03	639654
BR19E04	1534344
BR19E05	1883901
BR19E06	924128
BR19E07	1703702
BR19E08	1092548
BR19E09	1364268
BR19E10	1260509
BR19E11	572204
BR19E12	1016211
BR19F01	764300
BR19F02	937543
BR19F03	1395236
BR19F04	1381934
BR19F05	1277885
BR19F06	1490978
BR19F07	1275969
BR19F08	1484814
BR19F09	1495964
BR19F10	1178050
BR19F11	1089538
BR19F12	832434
BR19G01	885377
BR19G02	635649
BR19G03	869241
BR19G04	1168406
BR19G05	1084926
BR19G06	1362573
BR19G07	1447951
BR19G08	1588704
BR19G09	1316799
BR19G10	699233
BR19G11	658520
BR19G12	324037
BR19H01	52
BR19H02	864694
BR19H03	932965
BR19H04	1155710
BR19H05	1220038
BR19H06	1616309
BR19H07	1140029
BR19H08	755438
BR19H09	890622
BR19H10	499180
BR19H11	120372
BR19H12	332
BR20A01	1594287
BR20A02	1746530
BR20A03	1315178
BR20A04	1078881
BR20A05	1641180
BR20A06	541961
BR20A07	1579172
BR20A08	716597
BR20A09	752869
BR20A10	1315819
BR20A11	1465934
BR20A12	908186
BR20B01	2468545
BR20B02	1591626
BR20B03	1873995
BR20B04	1283337
BR20B05	4891116
BR20B06	2102309
BR20B07	3738445
BR20B08	2033495
BR20B09	1669117
BR20B10	1539365
BR20B11	973376
BR20B12	1168645
BR20C01	2544469
BR20C02	4119971
BR20C03	2239223
BR20C04	2239942
BR20C05	2853556
BR20C06	2386904
BR20C07	1601719
BR20C08	2973162
BR20C09	2504877
BR20C10	3257140
BR20C11	2029081
BR20C12	110413
BR20D01	2481488
BR20D02	4226752
BR20D03	2861962
BR20D04	1907442
BR20D05	3031550
BR20D06	1845370
BR20D07	4161569
BR20D08	1298774
BR20D09	2337503
BR20D10	1328704
BR20D11	4112169
BR20D12	36876
BR20E01	2473097
BR20E02	2323925
BR20E03	1504965
BR20E04	1798270
BR20E05	1873874
BR20E06	2084244
BR20E07	2507272
BR20E08	2137078
BR20E09	1993123
BR20E10	1208449
BR20E11	2233766
BR20E12	23003
BR20F01	2211342
BR20F02	2088354
BR20F03	2269802
BR20F04	2310989
BR20F05	1867312
BR20F06	2907670
BR20F07	1504494
BR20F08	1809360
BR20F09	2023586
BR20F10	980020
BR20F11	1027625
BR20F12	2796
BR20G01	3431146
BR20G02	2118294
BR20G03	3634422
BR20G04	2616038
BR20G05	1527961
BR20G06	1923856
BR20G07	1560185
BR20G08	1395899
BR20G09	2124479
BR20G10	1883297
BR20G11	1524847
BR20G12	752
BR20H01	75
BR20H02	1948977
BR20H03	2233306
BR20H04	1139791
BR20H05	1550126
BR20H06	1897642
BR20H07	550101
BR20H08	1516257
BR20H09	1491193
BR20H10	1547404
BR20H11	1962111
BR20H12	301
BR27A01	175633
BR27A02	420396
BR27A03	231249
BR27A04	177335
BR27A05	507919
BR27A06	938648
BR27A07	442909
BR27A08	424682
BR27A09	369922
BR27A10	428040
BR27A11	361769
BR27A12	390796
BR27B01	498518
BR27B02	434001
BR27B03	312640
BR27B04	340303
BR27B05	469462
BR27B06	435951
BR27B07	508296
BR27B08	411457
BR27B09	298959
BR27B10	437471
BR27B11	363496
BR27B12	254574
BR27C01	512072
BR27C02	458815
BR27C03	430209
BR27C04	504596
BR27C05	472380
BR27C06	645730
BR27C07	382133
BR27C08	449688
BR27C09	453818
BR27C10	471148
BR27C11	412064
BR27C12	486630
BR27D01	463125
BR27D02	641920
BR27D03	660380
BR27D04	571509
BR27D05	390086
BR27D06	671296
BR27D07	676372
BR27D08	614397
BR27D09	538650
BR27D10	608983
BR27D11	652362
BR27D12	553171
BR27E01	523098
BR27E02	676951
BR27E03	445691
BR27E04	534020
BR27E05	628382
BR27E06	523454
BR27E07	484067
BR27E08	583564
BR27E09	529134
BR27E10	23
BR27E11	16
BR27E12	19
BR27F01	617740
BR27F02	319164
BR27F03	605592
BR27F04	592641
BR27F05	585790
BR27F06	441654
BR27F07	635498
BR27F08	568260
BR27F09	653175
BR27F10	782319
BR27F11	665058
BR27F12	559545
BR27G01	551988
BR27G02	686024
BR27G03	329976
BR27G04	533300
BR27G05	514807
BR27G06	514179
BR27G07	587720
BR27G08	521489
BR27G09	357538
BR27G10	396922
BR27G11	539292
BR27G12	405194
BR27H01	7
BR27H02	363720
BR27H03	428317
BR27H04	499599
BR27H05	539003
BR27H06	438219
BR27H07	444003
BR27H08	381625
BR27H09	377687
BR27H10	335090
BR27H11	383387
BR27H12	330386
BR28A01	136603
BR28A02	278973
BR28A03	403101
BR28A04	392326
BR28A05	308955
BR28A06	162898
BR28A07	347056
BR28A08	386374
BR28A09	523842
BR28A10	262542
BR28A11	376119
BR28A12	500398
BR28B01	311508
BR28B02	415615
BR28B03	347262
BR28B04	375492
BR28B05	292312
BR28B06	564382
BR28B07	361227
BR28B08	356644
BR28B09	844749
BR28B10	320675
BR28B11	336553
BR28B12	496021
BR28C01	420793
BR28C02	466684
BR28C03	484133
BR28C04	361072
BR28C05	422386
BR28C06	417587
BR28C07	463491
BR28C08	433055
BR28C09	872692
BR28C10	258209
BR28C11	350318
BR28C12	591993
BR28D01	448525
BR28D02	381156
BR28D03	449441
BR28D04	326447
BR28D05	357563
BR28D06	365964
BR28D07	316235
BR28D08	480431
BR28D09	941427
BR28D10	415156
BR28D11	353085
BR28D12	378076
BR28E01	453273
BR28E02	632360
BR28E03	475027
BR28E04	462815
BR28E05	370860
BR28E06	354847
BR28E07	365630
BR28E08	1059230
BR28E09	1407032
BR28E10	390843
BR28E11	220708
BR28E12	416579
BR28F01	640375
BR28F02	458039
BR28F03	673020
BR28F04	506928
BR28F05	455523
BR28F06	365346
BR28F07	441846
BR28F08	996584
BR28F09	1203027
BR28F10	432003
BR28F11	332964
BR28F12	477681
BR28G01	515628
BR28G02	403556
BR28G03	516053
BR28G04	466386
BR28G05	441843
BR28G06	408197
BR28G07	308348
BR28G08	1088154
BR28G09	1858499
BR28G10	294514
BR28G11	509111
BR28G12	500535
BR28H01	8
BR28H02	422592
BR28H03	353210
BR28H04	272815
BR28H05	300448
BR28H06	428521
BR28H07	342691
BR28H08	1317439
BR28H09	776978
BR28H10	279112
BR28H11	402537
BR28H12	295867
BR29A01	378286
BR29A02	311377
BR29A03	438323
BR29A04	460529
BR29A05	405371
BR29A06	679504
BR29A07	458578
BR29A08	569787
BR29A09	626966
BR29A10	539374
BR29A11	857732
BR29A12	733330
BR29B01	435539
BR29B02	457864
BR29B03	569222
BR29B04	647308
BR29B05	425788
BR29B06	621139
BR29B07	614518
BR29B08	632428
BR29B09	594967
BR29B10	789295
BR29B11	585258
BR29B12	688104
BR29C01	502113
BR29C02	418876
BR29C03	400716
BR29C04	500023
BR29C05	473787
BR29C06	524335
BR29C07	460415
BR29C08	536935
BR29C09	609148
BR29C10	495496
BR29C11	625370
BR29C12	205054
BR29D01	413279
BR29D02	621294
BR29D03	440861
BR29D04	636658
BR29D05	466768
BR29D06	545577
BR29D07	532063
BR29D08	568553
BR29D09	624113
BR29D10	568191
BR29D11	564121
BR29D12	417124
BR29E01	350822
BR29E02	402934
BR29E03	426453
BR29E04	341649
BR29E05	404460
BR29E06	464331
BR29E07	476444
BR29E08	485925
BR29E09	3210
BR29E10	496456
BR29E11	534251
BR29E12	447635
BR29F01	373840
BR29F02	499979
BR29F03	685486
BR29F04	399611
BR29F05	1578199
BR29F06	490081
BR29F07	495963
BR29F08	483213
BR29F09	519305
BR29F10	472423
BR29F11	532252
BR29F12	521985
BR29G01	620368
BR29G02	431580
BR29G03	246801
BR29G04	351672
BR29G05	501346
BR29G06	617693
BR29G07	615905
BR29G08	507572
BR29G09	645572
BR29G10	366172
BR29G11	660885
BR29G12	520925
BR29H01	9
BR29H02	406309
BR29H03	369537
BR29H04	282006
BR29H05	434298
BR29H06	555714
BR29H07	499213
BR29H08	1966130
BR29H09	597795
BR29H10	594014
BR29H11	683751
BR29H12	625520
BR30A01	447312
BR30A02	721832
BR30A03	1064806
BR30A04	819014
BR30A05	915171
BR30A06	11187
BR30A07	661417
BR30A08	691062
BR30A09	864556
BR30A10	547602
BR30A11	623442
BR30A12	254882
BR30B01	515679
BR30B02	646481
BR30B03	905460
BR30B04	865430
BR30B05	620526
BR30B06	634164
BR30B07	781164
BR30B08	660789
BR30B09	536053
BR30B10	578164
BR30B11	571127
BR30B12	775660
BR30C01	762422
BR30C02	850305
BR30C03	1015396
BR30C04	897896
BR30C05	813735
BR30C06	811490
BR30C07	1036248
BR30C08	811470
BR30C09	688756
BR30C10	675795
BR30C11	624280
BR30C12	567767
BR30D01	1007681
BR30D02	904339
BR30D03	938571
BR30D04	693
BR30D05	775396
BR30D06	912924
BR30D07	721519
BR30D08	979018
BR30D09	794566
BR30D10	684660
BR30D11	804009
BR30D12	458388
BR30E01	297
BR30E02	520368
BR30E03	520008
BR30E04	738719
BR30E05	562917
BR30E06	463993
BR30E07	565558
BR30E08	537150
BR30E09	580713
BR30E10	745187
BR30E11	552282
BR30E12	730358
BR30F01	516748
BR30F02	639476
BR30F03	564391
BR30F04	659314
BR30F05	811263
BR30F06	692852
BR30F07	738663
BR30F08	704350
BR30F09	845611
BR30F10	576423
BR30F11	879600
BR30F12	654622
BR30G01	760023
BR30G02	1171979
BR30G03	1032818
BR30G04	889541
BR30G05	675273
BR30G06	679250
BR30G07	702023
BR30G08	637585
BR30G09	764584
BR30G10	484700
BR30G11	560404
BR30G12	676651
BR30H01	29
BR30H02	751815
BR30H03	690760
BR30H04	891650
BR30H05	847234
BR30H06	742673
BR30H07	644694
BR30H08	1560762
BR30H09	730836
BR30H10	625118
BR30H11	668160
BR30H12	762209
BR31A01	112948
BR31A02	363848
BR31A03	283174
BR31A04	496378
BR31A05	448662
BR31A06	307653
BR31A07	399972
BR31A08	366025
BR31A09	293134
BR31A10	342388
BR31A11	705020
BR31A12	365031
BR31B01	526300
BR31B02	104757
BR31B03	394806
BR31B04	464032
BR31B05	87749
BR31B06	438327
BR31B07	560604
BR31B08	1788927
BR31B09	114752
BR31B10	647965
BR31B11	3873
BR31B12	515577
BR31C01	466381
BR31C02	639511
BR31C03	416739
BR31C04	666108
BR31C05	503734
BR31C06	721569
BR31C07	552612
BR31C08	731279
BR31C09	559282
BR31C10	404570
BR31C11	487938
BR31C12	598355
BR31D01	610477
BR31D02	528723
BR31D03	739286
BR31D04	544691
BR31D05	588205
BR31D06	892093
BR31D07	496697
BR31D08	575472
BR31D09	613400
BR31D10	502608
BR31D11	457136
BR31D12	430333
BR31E01	620758
BR31E02	291501
BR31E03	517439
BR31E04	769778
BR31E05	699479
BR31E06	990565
BR31E07	576254
BR31E08	853388
BR31E09	322148
BR31E10	555925
BR31E11	601751
BR31E12	553167
BR31F01	583220
BR31F02	1739275
BR31F03	770804
BR31F04	897879
BR31F05	715302
BR31F06	524193
BR31F07	785715
BR31F08	646514
BR31F09	1307642
BR31F10	473130
BR31F11	497002
BR31F12	359194
BR31G01	806694
BR31G02	610625
BR31G03	548829
BR31G04	565332
BR31G05	444891
BR31G06	537906
BR31G07	582587
BR31G08	612461
BR31G09	482049
BR31G10	520387
BR31G11	463097
BR31G12	516830
BR31H01	18
BR31H02	641679
BR31H03	805274
BR31H04	472861
BR31H05	491057
BR31H06	694227
BR31H07	251268
BR31H08	1621860
BR31H09	381664
BR31H10	373049
BR31H11	384571
BR31H12	304537
BR32A01	636685
BR32A02	716660
BR32A03	720840
BR32A04	494246
BR32A05	415512
BR32A06	511917
BR32A07	502714
BR32A08	571338
BR32A09	400275
BR32A10	610300
BR32A11	328948
BR32A12	185037
BR32B01	634604
BR32B02	566736
BR32B03	628897
BR32B04	480091
BR32B05	518762
BR32B06	634855
BR32B07	542110
BR32B08	717197
BR32B09	482459
BR32B10	490385
BR32B11	351085
BR32B12	468777
BR32C01	462049
BR32C02	775887
BR32C03	552333
BR32C04	715725
BR32C05	599639
BR32C06	493191
BR32C07	531917
BR32C08	514579
BR32C09	1123027
BR32C10	527080
BR32C11	471732
BR32C12	534829
BR32D01	389644
BR32D02	753236
BR32D03	630320
BR32D04	586329
BR32D05	659567
BR32D06	506063
BR32D07	572706
BR32D08	529957
BR32D09	563196
BR32D10	459921
BR32D11	2889
BR32D12	659974
BR32E01	496240
BR32E02	453951
BR32E03	709699
BR32E04	629327
BR32E05	606266
BR32E06	578376
BR32E07	512439
BR32E08	375383
BR32E09	479349
BR32E10	416455
BR32E11	457854
BR32E12	432871
BR32F01	700669
BR32F02	616197
BR32F03	481228
BR32F04	605031
BR32F05	719632
BR32F06	458972
BR32F07	749192
BR32F08	455971
BR32F09	472789
BR32F10	568044
BR32F11	289140
BR32F12	444514
BR32G01	1520328
BR32G02	777360
BR32G03	870643
BR32G04	746038
BR32G05	1167205
BR32G06	783109
BR32G07	684778
BR32G08	516030
BR32G09	914877
BR32G10	929935
BR32G11	562876
BR32G12	381816
BR32H01	20
BR32H02	835181
BR32H03	597804
BR32H04	703225
BR32H05	933218
BR32H06	633231
BR32H07	501090
BR32H08	1901553
BR32H09	379294
BR32H10	612195
BR32H11	349354
BR32H12	513955
